{
    "name": "root",
    "gauges": {
        "Attack.Policy.Entropy.mean": {
            "value": 0.04230024293065071,
            "min": 0.0029365539085119963,
            "max": 0.2282925695180893,
            "count": 3
        },
        "Attack.Policy.Entropy.sum": {
            "value": 422.32562255859375,
            "min": 29.318553924560547,
            "max": 2293.8837890625,
            "count": 3
        },
        "Attack.Step.mean": {
            "value": 29952.0,
            "min": 9984.0,
            "max": 29952.0,
            "count": 3
        },
        "Attack.Step.sum": {
            "value": 29952.0,
            "min": 9984.0,
            "max": 29952.0,
            "count": 3
        },
        "Attack.Policy.ExtrinsicValueEstimate.mean": {
            "value": -0.6470819711685181,
            "min": -3.489203929901123,
            "max": -0.5761123299598694,
            "count": 3
        },
        "Attack.Policy.ExtrinsicValueEstimate.sum": {
            "value": -100.94478607177734,
            "min": -544.3157958984375,
            "max": -89.87351989746094,
            "count": 3
        },
        "Attack.Losses.PolicyLoss.mean": {
            "value": 0.24416111255858494,
            "min": 0.24122860348405184,
            "max": 0.2447881959493119,
            "count": 3
        },
        "Attack.Losses.PolicyLoss.sum": {
            "value": 19.044566779569625,
            "min": 18.815831071756044,
            "max": 19.093479284046328,
            "count": 3
        },
        "Attack.Losses.ValueLoss.mean": {
            "value": 2.7817343273160295,
            "min": 2.248395253824564,
            "max": 95.75742671454054,
            "count": 3
        },
        "Attack.Losses.ValueLoss.sum": {
            "value": 216.9752775306503,
            "min": 175.37482979831597,
            "max": 7469.079283734162,
            "count": 3
        },
        "Attack.Policy.LearningRate.mean": {
            "value": 0.0002849856050047999,
            "min": 0.0002849856050047999,
            "max": 0.00029696640101119996,
            "count": 3
        },
        "Attack.Policy.LearningRate.sum": {
            "value": 0.022228877190374394,
            "min": 0.022228877190374394,
            "max": 0.023163379278873596,
            "count": 3
        },
        "Attack.Policy.Epsilon.mean": {
            "value": 0.1949952,
            "min": 0.1949952,
            "max": 0.1989888,
            "count": 3
        },
        "Attack.Policy.Epsilon.sum": {
            "value": 15.2096256,
            "min": 15.2096256,
            "max": 15.5211264,
            "count": 3
        },
        "Attack.Policy.Beta.mean": {
            "value": 0.0004754764800000001,
            "min": 0.0004754764800000001,
            "max": 0.00049504512,
            "count": 3
        },
        "Attack.Policy.Beta.sum": {
            "value": 0.03708716544000001,
            "min": 0.03708716544000001,
            "max": 0.03861351936,
            "count": 3
        },
        "Attack.IsTraining.mean": {
            "value": 1.0,
            "min": 1.0,
            "max": 1.0,
            "count": 3
        },
        "Attack.IsTraining.sum": {
            "value": 1.0,
            "min": 1.0,
            "max": 1.0,
            "count": 3
        }
    },
    "metadata": {
        "timer_format_version": "0.1.0",
        "start_time_seconds": "1640591969",
        "python_version": "3.9.5 (tags/v3.9.5:0a7dcbd, May  3 2021, 17:27:52) [MSC v.1928 64 bit (AMD64)]",
        "command_line_arguments": "C:\\Users\\Umair\\GitHub\\Boxes-Footballs\\Boxes and Footballs v1\\venv\\Scripts\\mlagents-learn config/Attack-500043.yaml --initialize-from=attack4 --run-id=attack5 --force",
        "mlagents_version": "0.27.0",
        "mlagents_envs_version": "0.27.0",
        "communication_protocol_version": "1.5.0",
        "pytorch_version": "1.10.1+cu113",
        "numpy_version": "1.21.5",
        "end_time_seconds": "1640592565"
    },
    "total": 596.1362767,
    "count": 1,
    "self": 0.02098480000006475,
    "children": {
        "run_training.setup": {
            "total": 0.42679059999999946,
            "count": 1,
            "self": 0.42679059999999946
        },
        "TrainerController.start_learning": {
            "total": 595.6885013,
            "count": 1,
            "self": 1.5307938000049717,
            "children": {
                "TrainerController._reset_env": {
                    "total": 32.616319999999995,
                    "count": 1,
                    "self": 32.616319999999995
                },
                "TrainerController.advance": {
                    "total": 560.899976899995,
                    "count": 35384,
                    "self": 1.511143399991738,
                    "children": {
                        "env_step": {
                            "total": 401.93328400000297,
                            "count": 35384,
                            "self": 274.4440945000058,
                            "children": {
                                "SubprocessEnvManager._take_step": {
                                    "total": 126.46809329999411,
                                    "count": 35384,
                                    "self": 4.241409899993613,
                                    "children": {
                                        "TorchPolicy.evaluate": {
                                            "total": 122.2266834000005,
                                            "count": 35384,
                                            "self": 21.02809779999339,
                                            "children": {
                                                "TorchPolicy.sample_actions": {
                                                    "total": 101.1985856000071,
                                                    "count": 35384,
                                                    "self": 101.1985856000071
                                                }
                                            }
                                        }
                                    }
                                },
                                "workers": {
                                    "total": 1.0210962000030719,
                                    "count": 35383,
                                    "self": 0.0,
                                    "children": {
                                        "worker_root": {
                                            "total": 560.1596240999979,
                                            "count": 35383,
                                            "is_parallel": true,
                                            "self": 357.89852069999534,
                                            "children": {
                                                "steps_from_proto": {
                                                    "total": 0.001711700000001315,
                                                    "count": 1,
                                                    "is_parallel": true,
                                                    "self": 0.0009811000000041759,
                                                    "children": {
                                                        "_process_rank_one_or_two_observation": {
                                                            "total": 0.0007305999999971391,
                                                            "count": 4,
                                                            "is_parallel": true,
                                                            "self": 0.0007305999999971391
                                                        }
                                                    }
                                                },