{
    "name": "root",
    "gauges": {
        "Attack.Policy.Entropy.mean": {
            "value": 0.0007447777898050845,
            "min": 0.0007447777898050845,
            "max": 0.7364076972007751,
            "count": 4
        },
        "Attack.Policy.Entropy.sum": {
            "value": 7.435861587524414,
            "min": 7.435861587524414,
            "max": 7399.4248046875,
            "count": 4
        },
        "Attack.Step.mean": {
            "value": 39936.0,
            "min": 9984.0,
            "max": 39936.0,
            "count": 4
        },
        "Attack.Step.sum": {
            "value": 39936.0,
            "min": 9984.0,
            "max": 39936.0,
            "count": 4
        },
        "Attack.Policy.ExtrinsicValueEstimate.mean": {
            "value": -199.01126098632812,
            "min": -228.40655517578125,
            "max": -17.328649520874023,
            "count": 4
        },
        "Attack.Policy.ExtrinsicValueEstimate.sum": {
            "value": -31045.755859375,
            "min": -35631.421875,
            "max": -2703.269287109375,
            "count": 4
        },
        "Attack.Losses.PolicyLoss.mean": {
            "value": 0.2393929516539586,
            "min": 0.2393929516539586,
            "max": 0.24701149344984408,
            "count": 4
        },
        "Attack.Losses.PolicyLoss.sum": {
            "value": 18.67265022900877,
            "min": 18.67265022900877,
            "max": 19.266896489087838,
            "count": 4
        },
        "Attack.Losses.ValueLoss.mean": {
            "value": 0.3150378876720802,
            "min": 0.3150378876720802,
            "max": 393.46747372029847,
            "count": 4
        },
        "Attack.Losses.ValueLoss.sum": {
            "value": 24.572955238422256,
            "min": 24.572955238422256,
            "max": 30690.462950183282,
            "count": 4
        },
        "Attack.Policy.LearningRate.mean": {
            "value": 0.0002789952070016,
            "min": 0.0002789952070016,
            "max": 0.00029696640101119996,
            "count": 4
        },
        "Attack.Policy.LearningRate.sum": {
            "value": 0.0217616261461248,
            "min": 0.0217616261461248,
            "max": 0.023163379278873596,
            "count": 4
        },
        "Attack.Policy.Epsilon.mean": {
            "value": 0.19299840000000001,
            "min": 0.19299840000000001,
            "max": 0.1989888,
            "count": 4
        },
        "Attack.Policy.Epsilon.sum": {
            "value": 15.0538752,
            "min": 15.0538752,
            "max": 15.5211264,
            "count": 4
        },
        "Attack.Policy.Beta.mean": {
            "value": 0.0004656921600000001,
            "min": 0.0004656921600000001,
            "max": 0.00049504512,
            "count": 4
        },
        "Attack.Policy.Beta.sum": {
            "value": 0.036323988480000007,
            "min": 0.036323988480000007,
            "max": 0.03861351936,
            "count": 4
        },
        "Attack.IsTraining.mean": {
            "value": 1.0,
            "min": 1.0,
            "max": 1.0,
            "count": 4
        },
        "Attack.IsTraining.sum": {
            "value": 1.0,
            "min": 1.0,
            "max": 1.0,
            "count": 4
        }
    },
    "metadata": {
        "timer_format_version": "0.1.0",
        "start_time_seconds": "1640550263",
        "python_version": "3.9.5 (tags/v3.9.5:0a7dcbd, May  3 2021, 17:27:52) [MSC v.1928 64 bit (AMD64)]",
        "command_line_arguments": "C:\\Users\\Umair\\GitHub\\Boxes-Footballs\\Boxes and Footballs v1\\venv\\Scripts\\mlagents-learn config/Attack-500043.yaml --initialize-from=attack4 --run-id=attack5 --force",
        "mlagents_version": "0.27.0",
        "mlagents_envs_version": "0.27.0",
        "communication_protocol_version": "1.5.0",
        "pytorch_version": "1.10.1+cu113",
        "numpy_version": "1.21.5",
        "end_time_seconds": "1640550726"
    },
    "total": 463.5664793,
    "count": 1,
    "self": 0.011955600000021605,
    "children": {
        "run_training.setup": {
            "total": 0.12661330000000004,
            "count": 1,
            "self": 0.12661330000000004
        },
        "TrainerController.start_learning": {
            "total": 463.42791040000003,
            "count": 1,
            "self": 1.3406170000073416,
            "children": {
                "TrainerController._reset_env": {
                    "total": 9.014849,
                    "count": 1,
                    "self": 9.014849
                },
                "TrainerController.advance": {
                    "total": 452.6939728999927,
                    "count": 43984,
                    "self": 1.2665502999888076,
                    "children": {
                        "env_step": {
                            "total": 337.5555942000015,
                            "count": 43984,
                            "self": 236.14171930000322,
                            "children": {
                                "SubprocessEnvManager._take_step": {
                                    "total": 100.54999100000043,
                                    "count": 43984,
                                    "self": 3.261569799999421,
                                    "children": {
                                        "TorchPolicy.evaluate": {
                                            "total": 97.28842120000101,
                                            "count": 43984,
                                            "self": 17.263258300002292,
                                            "children": {
                                                "TorchPolicy.sample_actions": {
                                                    "total": 80.02516289999872,
                                                    "count": 43984,
                                                    "self": 80.02516289999872
                                                }
                                            }
                                        }
                                    }
                                },
                                "workers": {
                                    "total": 0.8638838999978624,
                                    "count": 43983,
                                    "self": 0.0,
                                    "children": {
                                        "worker_root": {
                                            "total": 452.17324930000325,
                                            "count": 43983,
                                            "is_parallel": true,
                                            "self": 276.6772288000042,
                                            "children": {
                                                "steps_from_proto": {
                                                    "total": 0.0011663999999989016,
                                                    "count": 1,
                                                    "is_parallel": true,
                                                    "self": 0.0006814000000012754,
                                                    "children": {
                                                        "_process_rank_one_or_two_observation": {
                                                            "total": 0.0004849999999976262,
                                                            "count": 4,
                                                            "is_parallel": true,
                                                            "self": 0.0004849999999976262
                                                        }
                                                    }
                                                },