{
    "name": "root",
    "gauges": {
        "Attack.Policy.Entropy.mean": {
            "value": 2.5271971225738525,
            "min": 2.229478120803833,
            "max": 2.5936665534973145,
            "count": 10
        },
        "Attack.Policy.Entropy.sum": {
            "value": 126359.8515625,
            "min": 111473.90625,
            "max": 129784.4765625,
            "count": 10
        },
        "Attack.Step.mean": {
            "value": 499979.0,
            "min": 49984.0,
            "max": 499979.0,
            "count": 10
        },
        "Attack.Step.sum": {
            "value": 499979.0,
            "min": 49984.0,
            "max": 499979.0,
            "count": 10
        },
        "Attack.Policy.ExtrinsicValueEstimate.mean": {
            "value": 1.1630234718322754,
            "min": -14.559380531311035,
            "max": 11.326114654541016,
            "count": 10
        },
        "Attack.Policy.ExtrinsicValueEstimate.sum": {
            "value": 909.4843139648438,
            "min": -11385.435546875,
            "max": 9230.783203125,
            "count": 10
        },
        "Attack.Losses.PolicyLoss.mean": {
            "value": 0.021913152667693794,
            "min": 0.021913152667693794,
            "max": 0.027137001004108846,
            "count": 10
        },
        "Attack.Losses.PolicyLoss.sum": {
            "value": 0.10956576333846897,
            "min": 0.09006253702973482,
            "max": 0.13568500502054423,
            "count": 10
        },
        "Attack.Losses.ValueLoss.mean": {
            "value": 126.52863110860187,
            "min": 109.22551740010582,
            "max": 6993.566826311748,
            "count": 10
        },
        "Attack.Losses.ValueLoss.sum": {
            "value": 632.6431555430094,
            "min": 546.127587000529,
            "max": 34967.83413155874,
            "count": 10
        },
        "Attack.Policy.LearningRate.mean": {
            "value": 1.5854614715160004e-05,
            "min": 1.5854614715160004e-05,
            "max": 0.000284544005152,
            "count": 10
        },
        "Attack.Policy.LearningRate.sum": {
            "value": 7.927307357580002e-05,
            "min": 7.927307357580002e-05,
            "max": 0.00128376007208,
            "count": 10
        },
        "Attack.Policy.Epsilon.mean": {
            "value": 0.10528484000000002,
            "min": 0.10528484000000002,
            "max": 0.19484800000000002,
            "count": 10
        },
        "Attack.Policy.Epsilon.sum": {
            "value": 0.5264242000000001,
            "min": 0.5264242000000001,
            "max": 0.9279200000000001,
            "count": 10
        },
        "Attack.Policy.Beta.mean": {
            "value": 0.0002737135160000002,
            "min": 0.0002737135160000002,
            "max": 0.0047429151999999995,
            "count": 10
        },
        "Attack.Policy.Beta.sum": {
            "value": 0.001368567580000001,
            "min": 0.001368567580000001,
            "max": 0.021403208000000007,
            "count": 10
        },
        "Attack.Environment.EpisodeLength.mean": {
            "value": 49999.0,
            "min": 739.9791666666666,
            "max": 49999.0,
            "count": 10
        },
        "Attack.Environment.EpisodeLength.sum": {
            "value": 49999.0,
            "min": 33068.0,
            "max": 72166.0,
            "count": 10
        },
        "Attack.IsTraining.mean": {
            "value": 1.0,
            "min": 1.0,
            "max": 1.0,
            "count": 10
        },
        "Attack.IsTraining.sum": {
            "value": 1.0,
            "min": 1.0,
            "max": 1.0,
            "count": 10
        },
        "Attack.Environment.CumulativeReward.mean": {
            "value": -6116.749203383923,
            "min": -9081.21408156678,
            "max": 910.3711014773386,
            "count": 9
        },
        "Attack.Environment.CumulativeReward.sum": {
            "value": -6116.749203383923,
            "min": -9081.21408156678,
            "max": 43697.812870912254,
            "count": 9
        },
        "Attack.Policy.ExtrinsicReward.mean": {
            "value": -6116.749203383923,
            "min": -9081.21408156678,
            "max": 910.3711014773386,
            "count": 9
        },
        "Attack.Policy.ExtrinsicReward.sum": {
            "value": -6116.749203383923,
            "min": -9081.21408156678,
            "max": 43697.812870912254,
            "count": 9
        }
    },
    "metadata": {
        "timer_format_version": "0.1.0",
        "start_time_seconds": "1640513626",
        "python_version": "3.9.5 (tags/v3.9.5:0a7dcbd, May  3 2021, 17:27:52) [MSC v.1928 64 bit (AMD64)]",
        "command_line_arguments": "C:\\Users\\Umair\\GitHub\\Boxes-Footballs\\Boxes and Footballs v1\\venv\\Scripts\\mlagents-learn --force",
        "mlagents_version": "0.27.0",
        "mlagents_envs_version": "0.27.0",
        "communication_protocol_version": "1.5.0",
        "pytorch_version": "1.10.1+cu113",
        "numpy_version": "1.21.5",
        "end_time_seconds": "1640518902"
    },
    "total": 5275.6042431,
    "count": 1,
    "self": 0.035129699999743025,
    "children": {
        "run_training.setup": {
            "total": 0.03446869999999991,
            "count": 1,
            "self": 0.03446869999999991
        },
        "TrainerController.start_learning": {
            "total": 5275.5346447,
            "count": 1,
            "self": 15.803727000077743,
            "children": {
                "TrainerController._reset_env": {
                    "total": 8.5510372,
                    "count": 1,
                    "self": 8.5510372
                },
                "TrainerController.advance": {
                    "total": 5250.745660199922,
                    "count": 500043,
                    "self": 16.47608719992877,
                    "children": {
                        "env_step": {
                            "total": 4965.658427200093,
                            "count": 500043,
                            "self": 3785.296396399827,
                            "children": {
                                "SubprocessEnvManager._take_step": {
                                    "total": 1169.9666615003157,
                                    "count": 500043,
                                    "self": 40.301511100191874,
                                    "children": {
                                        "TorchPolicy.evaluate": {
                                            "total": 1129.6651504001238,
                                            "count": 500043,
                                            "self": 204.81421660007072,
                                            "children": {
                                                "TorchPolicy.sample_actions": {
                                                    "total": 924.8509338000531,
                                                    "count": 500043,
                                                    "self": 924.8509338000531
                                                }
                                            }
                                        }
                                    }
                                },
                                "workers": {
                                    "total": 10.395369299950385,
                                    "count": 500043,
                                    "self": 0.0,
                                    "children": {
                                        "worker_root": {
                                            "total": 5244.8147066998645,
                                            "count": 500043,
                                            "is_parallel": true,
                                            "self": 2152.928635499957,